{
  "project_info": {
    "project_number": "793690514492",
    "firebase_url": "https://cuide-31625.firebaseio.com",
    "project_id": "cuide-31625",
    "storage_bucket": "cuide-31625.appspot.com"
  },
  "client": [
    {
      "client_info": {
        "mobilesdk_app_id": "1:793690514492:android:23f0b8e6605b985c",
        "android_client_info": {
          "package_name": "com.example.aluno.cuide"
        }
      },
      "oauth_client": [
        {
          "client_id": "793690514492-kba579ahfnh8on03t2ltbjpm8qf4u6o8.apps.googleusercontent.com",
          "client_type": 1,
          "android_info": {
            "package_name": "com.example.aluno.cuide",
            "certificate_hash": "0b6416634975e62ff7f30b0b01455b16e34b3f48"
          }
        },
        {
          "client_id": "793690514492-6btjmtdcf49as86q2irkjnqk0hckfh9r.apps.googleusercontent.com",
          "client_type": 3
        }
      ],
      "api_key": [
        {
          "current_key": "AIzaSyBR2wDx1dbE5stuGi1wYp5tLje6-N-yZi4"
        }
      ],
      "services": {
        "analytics_service": {
          "status": 1
        },
        "appinvite_service": {
          "status": 2,
          "other_platform_oauth_client": [
            {
              "client_id": "793690514492-6btjmtdcf49as86q2irkjnqk0hckfh9r.apps.googleusercontent.com",
              "client_type": 3
            }
          ]
        },
        "ads_service": {
          "status": 2
        }
      }
    }
  ],
  "configuration_version": "1"
}